database,threads,queues,readers,writers,duration,total_writes,writes_per_sec,total_reads,reads_per_sec
dragonfly,4,4,8,8,10,1046072,104607,156713,15671
dragonfly,4,4,16,4,10,919836,91984,130976,13098
dragonfly,4,4,4,16,10,947892,94789,113734,11373
redis,1,4,8,8,10,743484,74348,133192,13319
redis,1,4,16,4,10,747492,74749,133765,13377
redis,1,4,4,16,10,605208,60521,91592,9159
valkey,4,4,8,8,10,549096,54910,73075,7308
valkey,4,4,16,4,10,561120,56112,91853,9185
valkey,4,4,4,16,10,523044,52304,45630,4563
